{
  "numterms_S80": {
    "max": 0.0,
    "p95": 0.0,
    "mean": 0.0
  },
  "numterms_S160": {
    "max": 0.0,
    "p95": 0.0,
    "mean": 0.0
  },
  "numterms_S320": {
    "max": 0.0,
    "p95": 0.0,
    "mean": 0.0
  },
  "grid_N20_80_to_160": {
    "max": 5.122729669152097,
    "p95": 0.7178240590899095,
    "mean": 0.2243504084594237
  },
  "grid_N20_160_to_320": {
    "max": 0.4472814753499215,
    "p95": 0.10492938169123993,
    "mean": 0.030341569811526314
  },
  "grid_N40_80_to_160": {
    "max": 5.122729669152097,
    "p95": 0.7178240590899095,
    "mean": 0.2243504084594237
  },
  "grid_N40_160_to_320": {
    "max": 0.4472814753499215,
    "p95": 0.10492938169123993,
    "mean": 0.030341569811526314
  },
  "trend_checks": {
    "grid_improves_N20": true,
    "grid_improves_N40": true,
    "numterms_small_at_S320": true
  },
  "vs_ref": {
    "base_N20_S80": {
      "max": 3.5344199489337216,
      "p95": 0.829398481177843,
      "mean": 0.24012296456320967
    },
    "N40_S80": {
      "max": 3.5344199489337216,
      "p95": 0.829398481177843,
      "mean": 0.24012296456320967
    },
    "N20_S160": {
      "max": 0.4472814753499215,
      "p95": 0.10492938169123993,
      "mean": 0.030341569811526314
    },
    "N40_S160": {
      "max": 0.4472814753499215,
      "p95": 0.10492938169123993,
      "mean": 0.030341569811526314
    },
    "N20_S320": {
      "max": 0.0,
      "p95": 0.0,
      "mean": 0.0
    },
    "N40_S320": {
      "max": 0.0,
      "p95": 0.0,
      "mean": 0.0
    }
  }
}