{
  "Momega=0.6,a=0.00": {
    "Series reduction, k=2": {
      "finite": true,
      "min": 0.0407976891231895,
      "max": 121.14047543691616,
      "p95": 63.476369974023314,
      "points_gt_80": 9
    },
    "Cesaro, alpha=2": {
      "finite": true,
      "min": 0.035581323878140926,
      "max": 96.57373166176632,
      "p95": 51.887459482972794,
      "points_gt_80": 5
    },
    "Cesaro, alpha=5": {
      "finite": true,
      "min": 0.029025763001654388,
      "max": 68.76228663460091,
      "p95": 38.36244122770123,
      "points_gt_80": 0
    }
  },
  "Momega=2.0,a=0.00": {
    "Series reduction, k=2": {
      "finite": true,
      "min": 0.00027173834541554176,
      "max": 265.2253339136425,
      "p95": 113.63044610707813,
      "points_gt_80": 25
    },
    "Cesaro, alpha=2": {
      "finite": true,
      "min": 0.00013950702658568656,
      "max": 56.12775119983691,
      "p95": 38.80430777826042,
      "points_gt_80": 0
    },
    "Cesaro, alpha=5": {
      "finite": true,
      "min": 5.549565263754804e-05,
      "max": 10.9209273075928,
      "p95": 8.449930255158161,
      "points_gt_80": 0
    }
  },
  "Momega=0.6,a=0.99": {
    "Series reduction, k=2": {
      "finite": true,
      "min": 1.5380993437404125,
      "max": 151.407108646416,
      "p95": 112.30028296551097,
      "points_gt_80": 27
    },
    "Cesaro, alpha=2": {
      "finite": true,
      "min": 1.1631202801503446,
      "max": 81.1323479314343,
      "p95": 58.40231961077431,
      "points_gt_80": 1
    },
    "Cesaro, alpha=5": {
      "finite": true,
      "min": 0.8707735249262607,
      "max": 41.33115244394714,
      "p95": 33.869350745440244,
      "points_gt_80": 0
    }
  },
  "Momega=2.0,a=0.99": {
    "Series reduction, k=2": {
      "finite": true,
      "min": 0.0008264734865148797,
      "max": 121.5463548543379,
      "p95": 79.64797265368072,
      "points_gt_80": 14
    },
    "Cesaro, alpha=2": {
      "finite": true,
      "min": 0.0004859792110080877,
      "max": 32.39786081331284,
      "p95": 20.953744170271367,
      "points_gt_80": 0
    },
    "Cesaro, alpha=5": {
      "finite": true,
      "min": 0.00023455515710029724,
      "max": 9.05510706763438,
      "p95": 6.3862026864004555,
      "points_gt_80": 0
    }
  }
}