{
  "omega": 2.0,
  "k": 2,
  "source": "python_series_reduction_precomputed_spherical",
  "a0": {
    "min": 0.00027499715386339026,
    "max": 264.53392205284143,
    "mean": 30.886075453222638,
    "p95": 110.839092765636,
    "finite": true
  },
  "a099": {
    "min": 0.0013312575592651745,
    "max": 138.49210392476752,
    "mean": 21.829664336753222,
    "p95": 76.30768072531053,
    "finite": true
  }
}