{
  "input_files": [
    "fig4_data.json",
    "fig56_patch_data.json",
    "fig56_patch_a_minus099_theta30_hi.json"
  ],
  "sr_file": "fig56_sr_spherical.json",
  "expected_count": 280,
  "existing_count": 280,
  "missing_count": 0,
  "extra_count": 0,
  "missing_by_a": {},
  "existing_by_a": {
    "-0.990": [
      0.01,
      0.0110112573,
      0.0121247786,
      0.0133509057,
      0.0147010257,
      0.0161876776,
      0.0178246682,
      0.0196272007,
      0.0216120156,
      0.0237975463,
      0.0262040905,
      0.0288539981,
      0.0317718796,
      0.034984834,
      0.0385227007,
      0.0424183367,
      0.0467079218,
      0.0514312942,
      0.0566323212,
      0.0623593057,
      0.0686654357,
      0.0756092777,
      0.0832553207,
      0.0916745754,
      0.1009452333,
      0.1111533933,
      0.1223938608,
      0.1347710287,
      0.1483998467,
      0.1634068888,
      0.179931529,
      0.1981272353,
      0.2181629957,
      0.2402248868,
      0.2645178027,
      0.2912673573,
      0.32072198,
      0.3531552228,
      0.3888683008,
      0.4281928898,
      0.4714942063,
      0.5191743998,
      0.5716762875,
      0.6294874666,
      0.6931448432,
      0.7632396181,
      0.8404227779,
      0.9254111408,
      1.0189940135,
      1.1220405221,
      1.2355076836,
      1.360449294,
      1.4980257155,
      1.6495146523,
      1.8163230177,
      2.0
    ],
    "0.000": [
      0.01,
      0.0110112573,
      0.0121247786,
      0.0133509057,
      0.0147010257,
      0.0161876776,
      0.0178246682,
      0.0196272007,
      0.0216120156,
      0.0237975463,
      0.0262040905,
      0.0288539981,
      0.0317718796,
      0.034984834,
      0.0385227007,
      0.0424183367,
      0.0467079218,
      0.0514312942,
      0.0566323212,
      0.0623593057,
      0.0686654357,
      0.0756092777,
      0.0832553207,
      0.0916745754,
      0.1009452333,
      0.1111533933,
      0.1223938608,
      0.1347710287,
      0.1483998467,
      0.1634068888,
      0.179931529,
      0.1981272353,
      0.2181629957,
      0.2402248868,
      0.2645178027,
      0.2912673573,
      0.32072198,
      0.3531552228,
      0.3888683008,
      0.4281928898,
      0.4714942063,
      0.5191743998,
      0.5716762875,
      0.6294874666,
      0.6931448432,
      0.7632396181,
      0.8404227779,
      0.9254111408,
      1.0189940135,
      1.1220405221,
      1.2355076836,
      1.360449294,
      1.4980257155,
      1.6495146523,
      1.8163230177,
      2.0
    ],
    "0.800": [
      0.01,
      0.0110112573,
      0.0121247786,
      0.0133509057,
      0.0147010257,
      0.0161876776,
      0.0178246682,
      0.0196272007,
      0.0216120156,
      0.0237975463,
      0.0262040905,
      0.0288539981,
      0.0317718796,
      0.034984834,
      0.0385227007,
      0.0424183367,
      0.0467079218,
      0.0514312942,
      0.0566323212,
      0.0623593057,
      0.0686654357,
      0.0756092777,
      0.0832553207,
      0.0916745754,
      0.1009452333,
      0.1111533933,
      0.1223938608,
      0.1347710287,
      0.1483998467,
      0.1634068888,
      0.179931529,
      0.1981272353,
      0.2181629957,
      0.2402248868,
      0.2645178027,
      0.2912673573,
      0.32072198,
      0.3531552228,
      0.3888683008,
      0.4281928898,
      0.4714942063,
      0.5191743998,
      0.5716762875,
      0.6294874666,
      0.6931448432,
      0.7632396181,
      0.8404227779,
      0.9254111408,
      1.0189940135,
      1.1220405221,
      1.2355076836,
      1.360449294,
      1.4980257155,
      1.6495146523,
      1.8163230177,
      2.0
    ],
    "0.990": [
      0.01,
      0.0110112573,
      0.0121247786,
      0.0133509057,
      0.0147010257,
      0.0161876776,
      0.0178246682,
      0.0196272007,
      0.0216120156,
      0.0237975463,
      0.0262040905,
      0.0288539981,
      0.0317718796,
      0.034984834,
      0.0385227007,
      0.0424183367,
      0.0467079218,
      0.0514312942,
      0.0566323212,
      0.0623593057,
      0.0686654357,
      0.0756092777,
      0.0832553207,
      0.0916745754,
      0.1009452333,
      0.1111533933,
      0.1223938608,
      0.1347710287,
      0.1483998467,
      0.1634068888,
      0.179931529,
      0.1981272353,
      0.2181629957,
      0.2402248868,
      0.2645178027,
      0.2912673573,
      0.32072198,
      0.3531552228,
      0.3888683008,
      0.4281928898,
      0.4714942063,
      0.5191743998,
      0.5716762875,
      0.6294874666,
      0.6931448432,
      0.7632396181,
      0.8404227779,
      0.9254111408,
      1.0189940135,
      1.1220405221,
      1.2355076836,
      1.360449294,
      1.4980257155,
      1.6495146523,
      1.8163230177,
      2.0
    ],
    "0.999": [
      0.01,
      0.0110112573,
      0.0121247786,
      0.0133509057,
      0.0147010257,
      0.0161876776,
      0.0178246682,
      0.0196272007,
      0.0216120156,
      0.0237975463,
      0.0262040905,
      0.0288539981,
      0.0317718796,
      0.034984834,
      0.0385227007,
      0.0424183367,
      0.0467079218,
      0.0514312942,
      0.0566323212,
      0.0623593057,
      0.0686654357,
      0.0756092777,
      0.0832553207,
      0.0916745754,
      0.1009452333,
      0.1111533933,
      0.1223938608,
      0.1347710287,
      0.1483998467,
      0.1634068888,
      0.179931529,
      0.1981272353,
      0.2181629957,
      0.2402248868,
      0.2645178027,
      0.2912673573,
      0.32072198,
      0.3531552228,
      0.3888683008,
      0.4281928898,
      0.4714942063,
      0.5191743998,
      0.5716762875,
      0.6294874666,
      0.6931448432,
      0.7632396181,
      0.8404227779,
      0.9254111408,
      1.0189940135,
      1.1220405221,
      1.2355076836,
      1.360449294,
      1.4980257155,
      1.6495146523,
      1.8163230177,
      2.0
    ]
  },
  "extra_by_a": {},
  "wolfram_batch_hint": "$env:FIG56_SR_A_FILTER='0.8'; $env:FIG56_SR_BATCH='8'; wolframscript -file mathematica/generate_fig56_sr_spherical.wls"
}